,Country,Total_cases,New_cases,Total_deaths,New_deaths,Total_recovered,New_recovered,Active_cases,Serious/critical,Total_cases/1M,Deaths/1M,Total_tests,Tests/1M,Population,Continent,%Inc_cases,%Inc_deaths,%Inc_recovered
0,World,507700062,817512,6236176,3348,459968341,1000840,41495545,41814,65133,800,0,0,0,All,0.16102263150797094,0.05368674649336388,0.21758888836221013
1,USA,82553058,45204,1017609,299,80355389,34592,1180060,1492,246798,3042,999047824,2986727,334495877,North America,0.054757511223872526,0.029382601765511118,0.043048761794930765
2,India,43052425,2451,522116,54,42516068,1589,14241,698,30655,372,833377052,593395,1404421106,Asia,0.005693059101781143,0.010342529246374368,0.0037374105244163216
3,Brazil,30330629,18660,662556,86,29353398,12596,314675,8318,140890,3078,63776166,296249,215278697,South America,0.0615219684365926,0.01298003489516358,0.042911556610924564
4,France,28076017,104007,144799,185,25618858,148402,2312360,1677,428423,2210,266484045,4066382,65533452,Europe,0.3704478452196407,0.1277633132825503,0.5792685997166618
5,Germany,23915437,139849,134284,390,20853100,243700,2928053,1980,283809,1594,122332384,1451739,84266089,Europe,0.5847645602294451,0.2904292395222067,1.1686511837568514
6,UK,21909509,19472,173032,646,20653583,71883,1082894,349,319717,2525,514563763,7508832,68527802,Europe,0.08887465255382948,0.3733413472652457,0.34804130595645316
7,Russia,18110861,8875,374368,197,17437610,14182,298883,2300,124007,2563,273400000,1871999,146047077,Europe,0.049003744217351125,0.05262201897598086,0.08132995290065553
8,S. Korea,16674045,90825,21667,147,0,0,0,846,324723,422,15804065,307780,51348592,Asia,0.544708857388834,0.6784511007522962,
9,Italy,15934437,75020,162264,166,14549360,59916,1222813,415,264245,2691,210506904,3490887,60301830,Europe,0.4708042085202006,0.1023024207464379,0.4118119284971985
10,Turkey,15010718,3354,98645,17,14817258,18964,94815,975,174600,1147,157823818,1835753,85972252,Asia,0.02234403444258962,0.017233514116275533,0.12798589320642187
11,Spain,11736893,0,103721,0,11220981,0,412191,345,250856,2217,471036328,10067596,46787369,Europe,0.0,0.0,0.0
12,Vietnam,10533164,12029,42991,9,9076927,8693,1413246,826,106487,435,85770895,867119,98914740,Asia,0.1142012029813644,0.02093461422158126,0.09577029759080359
13,Argentina,9060923,0,128344,0,8895999,0,36580,412,197225,2794,35716069,777414,45942138,South America,0.0,0.0,0.0
14,Netherlands,8032986,3008,22197,18,7561673,40523,449116,96,466950,1290,21107399,1226953,17203105,Europe,0.03744560241982246,0.08109203946479254,0.5358999258497426
15,Japan,7487624,47460,29151,49,6985295,65198,473178,202,59530,232,46249180,367700,125779711,Asia,0.633845930297782,0.1680902884978217,0.9333607242070665
16,Iran,7213808,1413,140919,23,6958045,3104,114844,1173,83952,1640,50079995,582817,85927538,Asia,0.019587435651184506,0.01632143287988135,0.04461023175331577
17,Colombia,6090520,274,139759,4,5923901,282,26860,342,117444,2695,34327907,661948,51858888,South America,0.0044987948483873295,0.0028620697057076825,0.004760376650453814
18,Indonesia,6042595,585,156015,41,5855361,14416,31219,2771,21679,560,94642736,339551,278728668,Asia,0.009681271043318309,0.026279524404704675,0.24620172863808057
19,Poland,5988518,1178,115899,30,5334233,70,538386,268,158544,3068,35991052,952850,37772015,Europe,0.01967097702636946,0.025884606424559312,0.0013122786349977589
20,Mexico,5730560,1290,324004,31,5031487,1138,375069,4798,43621,2466,15737769,119797,131370534,North America,0.022510888988161715,0.00956778311378872,0.022617568126480303
21,Australia,5563870,54557,6893,51,5186006,54744,370971,151,213729,265,68623280,2636081,26032313,Australia/Oceania,0.980558496154655,0.7398810387349486,1.0556100397878445
22,Ukraine,4996411,1021,108296,10,0,0,0,177,115495,2503,19521252,451244,43260977,Europe,0.02043466800469377,0.00923395139247987,
23,Malaysia,4415101,5899,35470,5,4291447,8434,88184,92,133337,1071,58190515,1757373,33112225,Asia,0.13360962750342517,0.014096419509444602,0.19653044765553435
24,Thailand,4106230,21931,27395,129,3889912,24619,188923,1496,58564,391,17270775,246320,70115191,Asia,0.5340908814167741,0.4708888483299872,0.6328934947628635
25,Austria,4084358,11948,17057,0,3958362,13228,108939,130,448886,1875,181352090,19931248,9098883,Europe,0.29253067434343416,0.0,0.3341786324747459
26,Israel,4047693,2699,10658,0,4009152,67311,27883,220,434022,1143,41373364,4436346,9326000,Asia,0.06667995818852863,0.0,1.6789335999233754
27,Belgium,4015791,4682,31319,15,3690303,7246,294169,169,343806,2681,33456470,2864326,11680399,Europe,0.11658973288201503,0.04789424949711038,0.1963524404364628
28,Czechia,3890340,3434,40050,17,3825457,1727,24833,49,362069,3727,55075486,5125811,10744736,Europe,0.08826991985276351,0.04244694132334582,0.045144933010618074
29,South Africa,3750830,4406,100276,65,3631082,1049,19472,175,61839,1653,24262108,400006,60654305,Africa,0.1174673338967642,0.06482109378116399,0.028889460496898722
30,Portugal,3719485,0,21993,0,0,0,0,61,366697,2168,40748372,4017307,10143206,Europe,0.0,0.0,
31,Canada,3684288,19589,38688,146,3415904,6139,229696,426,96101,1009,60485077,1577692,38337692,North America,0.5316902478850731,0.37737799834574026,0.1797181653816969
32,Philippines,3683865,134,60056,66,3607038,1159,16771,289,32831,535,29359833,261661,112205605,Asia,0.0036374840011781104,0.10989742906620488,0.03213162711343768
33,Switzerland,3579867,0,13816,0,3305310,0,260741,90,408263,1576,20666182,2356859,8768528,Europe,0.0,0.0,0.0
34,Peru,3558613,744,212715,11,0,0,0,351,105290,6294,29550426,874316,33798340,South America,0.02090702192118109,0.005171238511623534,
35,Chile,3538843,3309,57325,42,3350681,6811,130837,295,182306,2953,36604833,1885728,19411512,South America,0.09350513713097755,0.07326646314871348,0.2032721109529675
36,Greece,3266368,6755,28808,43,3136230,12454,101330,284,316158,2788,78594069,7607272,10331439,Europe,0.20680462213688108,0.1492640933074146,0.39710097792572613
37,Denmark,2956306,1878,6047,17,2924314,2587,25945,17,507180,1037,127114943,21807666,5828911,Europe,0.06352522370823588,0.2811311394079709,0.08846519217840493
38,Romania,2886284,1063,65403,19,2606660,0,214221,229,151856,3441,22554522,1186657,19006772,Europe,0.03682936259910667,0.029050655168723148,0.0
39,Sweden,2498388,0,18656,0,2461823,2467,17909,19,244638,1827,18493218,1810824,10212599,Europe,0.0,0.0,0.10021029131663813
40,Iraq,2323878,171,25201,0,2295073,508,3604,24,55534,602,18443454,440745,41846122,Asia,0.007358389726138808,0.0,0.022134372196439937
41,Serbia,1999753,977,15945,5,1964782,989,19026,26,230545,1838,9415165,1085442,8674039,Europe,0.04885603372016444,0.03135779241141424,0.050336373195601344
42,Bangladesh,1952485,45,29127,0,1892443,371,30915,1283,11647,174,13947427,83198,167642133,Asia,0.0023047552221912076,0.0,0.019604289270535494
43,Hungary,1888906,3041,46024,24,1770066,6155,72816,48,196429,4786,11285527,1173594,9616208,Europe,0.1609926592429692,0.052146706066400136,0.34772714689734735
44,Slovakia,1770460,2415,19803,13,1721905,4363,28752,109,323999,3624,7041022,1288526,5464401,Europe,0.13640522801983665,0.06564661919911124,0.2533821552292374
45,Jordan,1694216,0,14048,0,1678941,0,1227,124,163134,1353,16670254,1605160,10385419,Asia,0.0,0.0,0.0
46,Georgia,1653915,223,16794,0,1634990,399,2131,0,416039,4224,16774959,4219705,3975387,Asia,0.013483159654516708,0.0,0.024403818983602346
47,Pakistan,1527589,103,30368,0,1493870,74,3351,205,6682,133,27987766,122426,228608810,Asia,0.006742651328335044,0.0,0.0049535769511403266
48,Ireland,1508373,1410,6993,12,1390904,7691,110476,37,299456,1388,12009921,2384319,5037045,Europe,0.09347820466157906,0.1716001716001716,0.5529497362866165
49,Norway,1422583,892,2871,0,0,0,0,20,258768,522,11002430,2001340,5497531,Europe,0.06270284405198151,0.0,
50,Kazakhstan,1305431,14,13660,0,1290945,41,826,24,68059,712,11575012,603466,19180876,Asia,0.001072442741133005,0.0,0.0031759679924396465
51,Hong Kong,1200334,628,9212,26,0,0,0,115,157805,1211,44972952,5912481,7606443,Asia,0.052318771275328364,0.2822405557967868,
52,Singapore,1174390,3420,1322,3,1102269,0,70799,6,197937,223,23712995,3996698,5933147,Asia,0.2912150137518201,0.22692889561270801,0.0
53,Morocco,1164567,60,16064,0,1148002,91,501,293,30892,426,11237010,298081,37697852,Africa,0.005152129503927211,0.0,0.007926815458509654
54,Bulgaria,1152251,631,36838,11,959289,1455,156124,111,168106,5374,9788010,1428004,6854328,Europe,0.05476237382306459,0.029860470166675715,0.15167483417406016
55,Croatia,1115442,1301,15765,8,1095334,573,4343,23,274759,3883,4754410,1171120,4059712,Europe,0.11663537862121026,0.0507453219156359,0.05231281052172214
56,Cuba,1100938,329,8522,0,1090977,326,1439,23,97306,753,12920253,1141953,11314174,North America,0.029883608341250825,0.0,0.02988147321162591
57,Lebanon,1096099,140,10370,2,1078634,408,7095,186,161895,1532,4795578,708311,6770443,Asia,0.012772568901166773,0.019286403085824494,0.037825620182564246
58,Lithuania,1052417,1149,9042,7,1013075,1863,30300,41,396546,3407,8201785,3090399,2653957,Europe,0.10917725578359148,0.07741650077416501,0.1838955654813316
59,Tunisia,1039532,0,28533,0,0,0,0,29,86331,2370,4563397,378983,12041170,Africa,0.0,0.0,
60,Slovenia,1001713,1253,6568,1,976741,2126,18404,29,481720,3159,2637740,1268478,2079452,Europe,0.125085728147683,0.01522533495736906,0.21766261475662432
61,Finland,1000472,50889,3638,121,46000,0,950834,31,180064,655,10644579,1915799,5556210,Europe,5.086499172390631,3.3260032985156682,0.0
62,Nepal,978705,12,11951,0,966456,32,298,0,32537,397,5607784,186431,30079674,Asia,0.0012261100127208915,0.0,0.0033110664117145527
63,Belarus,976261,695,6917,3,928536,0,40808,0,103377,732,13071640,1384161,9443729,Europe,0.07118997890932854,0.04337140378776926,0.0
64,Bolivia,904212,86,21906,1,854077,566,28229,220,75606,1832,2693845,225246,11959546,South America,0.009511043870242819,0.0045649593718615905,0.06627037140679354
65,UAE,896372,231,2302,0,878658,217,15412,0,88702,228,153603788,15200106,10105442,Asia,0.025770550619608826,0.0,0.024696753458114538
66,Uruguay,895775,0,7197,0,886654,0,1924,18,256273,2059,6091188,1742632,3495396,South America,0.0,0.0,0.0
67,Ecuador,866925,0,35528,0,0,0,0,759,47830,1960,2470170,136284,18125117,South America,0.0,0.0,
68,New Zealand,861118,10371,600,18,804658,9631,55860,0,172151,120,6977683,1394951,5002100,Australia/Oceania,1.204364558631918,3.0,1.196906014729239
69,Costa Rica,847784,0,8383,0,829515,0,9886,43,163733,1619,4240743,819019,5177833,North America,0.0,0.0,0.0
70,Guatemala,840477,1061,17475,18,820297,1084,2705,5,45402,944,4392324,237271,18511815,North America,0.12623783875109015,0.10300429184549358,0.13214725885868167
71,Latvia,815533,1133,5735,11,800770,1069,9028,9,441144,3102,7142381,3863505,1848679,Europe,0.13892754799621843,0.1918047079337402,0.13349650960950085
72,Azerbaijan,792445,33,9707,1,782603,19,135,0,76909,942,6785398,658543,10303646,Asia,0.004164326861801134,0.010301844030081385,0.002427795446733529
73,Panama,770463,487,8180,0,759150,391,3133,9,173646,1844,5813988,1310347,4436982,North America,0.06320874590992688,0.0,0.05150497266679839
74,Saudi Arabia,753124,130,9075,1,740008,241,4041,59,21043,254,41796829,1167854,35789428,Asia,0.017261433708127744,0.011019283746556474,0.032567215489562276
75,Sri Lanka,663041,35,16499,2,642568,8,3974,0,30732,765,6486117,300633,21574834,Asia,0.005278708254843969,0.012121946784653614,0.0012450044197656902
76,Paraguay,648682,0,18786,0,624673,0,5223,6,88980,2577,2615453,358763,7290200,South America,0.0,0.0,0.0
77,Kuwait,631076,0,2555,0,627610,0,911,8,143943,583,7986760,1821708,4384216,Asia,0.0,0.0,0.0
78,Myanmar,612697,20,19434,0,591544,22,1719,0,11127,353,7870822,142934,55066249,Asia,0.0032642562310571128,0.0,0.003719080913676751
79,Palestine,581816,0,5353,0,575899,0,564,17,109472,1007,3078533,579245,5314731,Asia,0.0,0.0,0.0
80,Dominican Republic,578954,165,4376,1,574297,53,281,16,52424,396,3261060,295287,11043679,North America,0.02849967354919389,0.022851919561243144,0.009228674361871993
81,Estonia,569347,803,2528,2,505048,863,61771,5,428680,1903,3304993,2488437,1328140,Europe,0.14103876897568618,0.07911392405063292,0.1708748475392438
82,Bahrain,565076,459,1475,1,559916,474,3685,3,312556,816,9690419,5359979,1807921,Asia,0.08122801180726133,0.06779661016949153,0.08465555547617856
83,Venezuela,522070,14,5705,1,515135,75,1230,230,18454,202,3359014,118731,28290950,South America,0.0026816327312429366,0.017528483786152498,0.014559290283129665
84,Moldova,516864,165,11487,0,504008,245,1369,48,128666,2860,3213594,799980,4017091,Europe,0.0319232912332838,0.0,0.048610339518420344
85,Egypt,515645,0,24613,0,442182,0,48850,122,4873,233,3693367,34907,105806911,Africa,0.0,0.0,0.0
86,Libya,501862,0,6429,0,490900,0,4533,101,71293,913,2476960,351869,7039428,Africa,0.0,0.0,0.0
87,Ethiopia,470389,37,7510,0,454163,492,8716,15,3917,63,4756760,39611,120085619,Africa,0.007865830195859172,0.0,0.10833114982946651
88,Mongolia,469491,41,2177,0,313256,0,154058,192,139179,645,4030048,1194697,3373280,Asia,0.008732861758798357,0.0,0.0
89,Cyprus,464366,0,993,0,124370,0,339003,60,379639,812,9477138,7747969,1223177,Asia,0.0,0.0,0.0
90,Armenia,422805,6,8622,0,410517,14,3666,0,142205,2900,3026628,1017966,2973211,Asia,0.0014190939085393975,0.0,0.003410333798600302
91,Honduras,422275,0,10892,0,131100,0,280283,105,41448,1069,1263329,124001,10188052,North America,0.0,0.0,0.0
92,Oman,388995,39,4257,0,384055,26,683,2,72842,797,25000000,4681452,5340223,Asia,0.010025835807658196,0.0,0.0067698636913983675
93,Bosnia and Herzegovina,376642,75,15753,0,192218,0,168671,0,116101,4856,1751774,539988,3244098,Europe,0.019912808449402884,0.0,0.0
94,Réunion,374295,0,742,0,355605,0,17948,10,412760,818,1603660,1768461,906811,Africa,0.0,0.0,0.0
95,Qatar,363905,77,677,0,362338,106,890,1,129605,241,3424254,1219548,2807805,Asia,0.02115936851650843,0.0,0.029254453024524063
96,Kenya,323646,0,5649,0,317882,0,115,0,5790,101,3573937,63932,55901949,Africa,0.0,0.0,0.0
97,Zambia,318984,124,3974,1,314075,209,935,0,16519,206,3408441,176513,19309901,Africa,0.038873423118400925,0.025163563160543533,0.06654461513969592
98,North Macedonia,308964,86,9266,1,298916,105,782,0,148311,4448,2003269,961621,2083220,Europe,0.0278349581180979,0.010792143319663284,0.035126925290048044
99,Botswana,305859,0,2688,0,303026,0,145,1,125504,1103,2026898,831702,2437048,Africa,0.0,0.0,0.0
100,Albania,274606,0,3496,0,270789,0,321,2,95610,1217,1795792,625245,2872142,Europe,0.0,0.0,0.0
101,Algeria,265754,8,6874,0,178341,4,80539,6,5870,152,230861,5099,45275692,Africa,0.0030103027612002078,0.0,0.002242894230715315
102,Nigeria,255679,9,3143,0,249886,12,2650,11,1187,15,5036813,23391,215329384,Africa,0.00352003879864987,0.0,0.0048021897985481374
103,Zimbabwe,247383,47,5467,1,241170,10,746,12,16219,358,2234565,146507,15252247,Africa,0.01899888027875804,0.018291567587342236,0.004146452709706846
104,Uzbekistan,238391,34,1637,0,236397,45,357,23,6942,48,1377915,40123,34342021,Asia,0.014262283391570992,0.0,0.019035774565667078
105,Montenegro,234472,67,2711,1,231146,70,615,6,373239,4315,2442943,3888742,628209,Europe,0.02857484049268143,0.03688675765400221,0.03028388983586132
106,Luxembourg,233137,1468,1056,0,220258,1507,11823,1,361844,1639,4211394,6536366,644302,Europe,0.629672681727911,0.0,0.6841976227878216
107,Mozambique,225351,6,2201,0,223088,0,62,13,6864,67,1308458,39855,32830285,Africa,0.002662513146158659,0.0,0.0
108,Laos,203518,976,730,0,7660,0,195128,0,27261,98,1232128,165042,7465532,Asia,0.4795644611287454,0.0,0.0
109,Kyrgyzstan,200983,1,2991,0,196360,9,1632,131,29918,445,1907195,283899,6717867,Asia,0.0004975545195364782,0.0,0.00458341821144836
110,Iceland,183974,0,112,0,75685,0,108177,1,532904,324,1953616,5658899,345229,Europe,0.0,0.0,0.0
111,Maldives,178883,0,298,0,163687,0,14898,25,320767,534,2213831,3969765,557673,Asia,0.0,0.0,0.0
112,Afghanistan,178611,56,7680,1,161683,18,9248,1124,4410,190,938557,23171,40505408,Asia,0.03135305216364054,0.013020833333333334,0.011132895851759307
113,Uganda,164069,0,3596,0,100205,0,60268,2,3394,74,2612795,54052,48338607,Africa,0.0,0.0,0.0
114,El Salvador,162089,0,4127,1,150662,0,7300,8,24765,631,1950448,298001,6545106,North America,0.0,0.0242306760358614,0.0
115,Ghana,161124,7,1445,0,159655,11,24,1,4998,45,2433244,75473,32239775,Africa,0.004344480027804672,0.0,0.006889856252544548
116,Namibia,158112,0,4022,0,153662,0,428,0,60263,1533,997168,380062,2623695,Africa,0.0,0.0,0.0
117,Martinique,147519,0,918,0,104,0,146497,8,393656,2450,828928,2212002,374741,North America,0.0,0.0,0.0
118,Trinidad and Tobago,143465,546,3808,1,133138,584,6519,18,101919,2705,693892,492946,1407644,North America,0.3805806294218102,0.026260504201680673,0.4386426114257387
119,Brunei ,140723,181,218,0,139409,112,1096,0,316219,490,717784,1612933,445018,Asia,0.12862147623345152,0.0,0.08033914596618583
120,Guadeloupe,140130,0,854,0,2250,0,137026,19,350109,2134,938039,2343650,400247,North America,0.0,0.0,0.0
121,Cambodia,136146,29,3056,0,132851,26,239,0,7945,178,2946965,171982,17135324,Asia,0.021300662524055058,0.0,0.019570797359447802
122,Rwanda,129760,2,1458,0,45522,0,82780,0,9591,108,5218611,385715,13529719,Africa,0.0015413070283600493,0.0,0.0
123,Jamaica,129373,26,2937,1,82795,18,43641,0,43349,984,975768,326953,2984428,North America,0.020096929034651743,0.034048348655090224,0.021740443263482092
124,Cameroon,119780,0,1927,0,117791,0,62,13,4319,69,1751774,63162,27734402,Africa,0.0,0.0,0.0
125,Angola,99194,0,1900,0,97149,0,145,0,2858,55,1499795,43216,34704728,Africa,0.0,0.0,0.0
126,Malta,89919,312,684,5,82969,681,6266,4,202676,1542,1866549,4207170,443659,Europe,0.34697894771961435,0.7309941520467835,0.8207884872663284
127,DRC,87023,0,1337,0,50930,0,34756,0,921,14,846704,8964,94457858,Africa,0.0,0.0,0.0
128,Senegal,85978,3,1965,0,83995,6,18,1,4903,112,1061888,60549,17537525,Africa,0.0034892646956198098,0.0,0.007143282338234419
129,Malawi,85741,6,2633,1,81934,4,1174,67,4283,132,570669,28506,20019045,Africa,0.006997819013074258,0.0379794910748196,0.004881978177557546
130,Ivory Coast,81875,5,799,0,81054,7,22,0,2972,29,1492363,54163,27553175,Africa,0.0061068702290076335,0.0,0.008636217830088583
131,French Guiana,80422,387,394,0,11254,0,68774,1,257263,1260,622646,1991792,312606,South America,0.4812116087637711,0.0,0.0
132,Suriname,79302,0,1327,0,49396,0,28579,0,133037,2226,235824,395617,596091,South America,0.0,0.0,0.0
133,Channel Islands,73523,94,166,0,71955,90,1402,0,415979,939,1252808,7088143,176747,Europe,0.12785114862015967,0.0,0.12507817385866166
134,French Polynesia,72621,0,648,0,0,0,0,7,255861,2283,0,0,283830,Australia/Oceania,0.0,0.0,
135,Eswatini,70190,46,1395,0,68706,22,89,11,59393,1180,1011587,855984,1181782,Africa,0.06553640119675168,0.0,0.032020493115593976
136,Barbados,66317,547,386,0,62507,163,3424,0,230261,1340,637232,2212550,288008,North America,0.8248262134897537,0.0,0.26077079367110884
137,Fiji,64524,0,862,0,62677,0,985,0,71051,949,506642,557892,908136,Australia/Oceania,0.0,0.0,0.0
138,Madagascar,64121,0,1391,0,59370,0,3360,14,2213,48,418849,14457,28971410,Africa,0.0,0.0,0.0
139,Guyana,63399,10,1228,0,62081,5,90,1,79910,1548,587994,741123,793383,South America,0.015773119449833593,0.0,0.008053993975612506
140,Sudan,62084,5,4929,0,0,0,0,0,1359,108,562941,12321,45690870,Africa,0.008053604793505573,0.0,
141,New Caledonia,60457,0,312,0,60064,0,81,9,208159,1074,98964,340742,290437,Australia/Oceania,0.0,0.0,0.0
142,Mauritania,58683,0,982,0,57693,0,8,0,12051,202,797799,163837,4869474,Africa,0.0,0.0,0.0
143,Belize,57406,12,676,0,56528,6,202,6,139805,1646,534109,1300754,410615,North America,0.02090373828519667,0.0,0.01061420888763091
144,Bhutan,56301,685,19,0,50413,1376,5869,9,71548,24,2270580,2885482,786898,Asia,1.2166746594199038,0.0,2.7294547041437722
145,Cabo Verde,55999,1,401,0,55537,3,61,23,98789,707,400982,707381,566854,Africa,0.0017857461740388224,0.0,0.00540180420260367
146,Syria,55790,5,3150,0,52065,14,575,0,3054,172,146269,8008,18265349,Asia,0.008962179602079226,0.0,0.02688946509171228
147,Gabon,47594,0,303,0,47280,0,11,0,20513,131,1591228,685814,2320202,Africa,0.0,0.0,0.0
148,Papua New Guinea,43732,63,649,0,43025,52,58,7,4727,70,249149,26929,9251938,Australia/Oceania,0.14405927009969816,0.0,0.12085996513654851
149,Taiwan,43241,3056,856,0,22537,0,19848,0,1810,36,13964112,584411,23894355,Asia,7.067366619643393,0.0,0.0
150,Seychelles,42079,419,165,1,41260,585,654,0,423147,1659,0,0,99443,Africa,0.9957460966277716,0.6060606060606061,1.4178380998545808
151,Curaçao,41652,0,271,0,40800,0,581,3,251977,1639,494095,2989062,165301,North America,0.0,0.0,0.0
152,Andorra,41013,0,153,0,40343,0,517,14,529289,1975,249838,3224257,77487,Europe,0.0,0.0,0.0
153,Burundi,38812,0,38,0,773,0,38001,0,3098,3,345742,27598,12527647,Africa,0.0,0.0,0.0
154,Mauritius,37460,28,985,0,35611,93,864,0,29367,772,358675,281189,1275566,Africa,0.07474639615589962,0.0,0.261155261014855
155,Mayotte,37038,0,187,0,2964,0,33887,0,130115,657,176919,621521,284655,Africa,0.0,0.0,0.0
156,Togo,36973,2,273,0,36679,0,21,0,4285,32,727399,84309,8627740,Africa,0.005409352770940957,0.0,0.0
157,Guinea,36459,0,440,0,35976,0,43,8,2647,32,660107,47926,13773464,Africa,0.0,0.0,0.0
158,Faeroe Islands,34658,0,28,0,7693,0,26937,5,704474,569,778000,15813972,49197,Europe,0.0,0.0,0.0
159,Aruba,34345,0,212,0,34038,0,95,2,319245,1971,177885,1653483,107582,North America,0.0,0.0,0.0
160,Tanzania,33864,0,803,0,0,0,0,7,539,13,0,0,62794108,Africa,0.0,0.0,
161,Bahamas,33430,9,789,0,32297,8,344,11,83574,1972,229817,574534,400006,North America,0.02692192641340114,0.0,0.024770102486299038
162,Lesotho,32910,0,697,0,24155,0,8058,0,15146,321,431221,198462,2172812,Africa,0.0,0.0,0.0
163,Mali,30700,9,731,1,29787,15,182,0,1441,34,662355,31097,21299809,Africa,0.02931596091205212,0.13679890560875513,0.05035753852351697
164,Haiti,30615,0,835,0,29312,0,468,0,2627,72,132422,11364,11652668,North America,0.0,0.0,0.0
165,Isle of Man,28416,0,87,0,26794,0,1535,0,331023,1013,150753,1756148,85843,Europe,0.0,0.0,0.0
166,Benin,26952,0,163,0,25506,0,1283,5,2123,13,604310,47605,12694318,Africa,0.0,0.0,0.0
167,Somalia,26485,0,1350,0,13182,0,11953,0,1587,81,400466,23993,16690672,Africa,0.0,0.0,0.0
168,Congo,24079,0,385,0,20178,0,3516,0,4179,67,347815,60360,5762389,Africa,0.0,0.0,0.0
169,Saint Lucia,23161,0,368,1,22716,8,77,1,125102,1988,142292,768577,185137,North America,0.0,0.2717391304347826,0.035217467864060575
170,Timor-Leste,22857,3,130,0,22714,10,13,0,16762,95,260621,191124,1363623,Asia,0.0131250820317627,0.0,0.0440257110152329
171,Cayman Islands,21755,349,26,0,8553,0,13176,1,324164,387,222773,3319471,67111,North America,1.6042289128935878,0.0,0.0
172,Burkina Faso,20853,0,382,0,20439,0,32,0,951,17,248995,11352,21934142,Africa,0.0,0.0,0.0
173,Nicaragua,18491,0,225,0,4225,0,14041,0,2733,33,0,0,6766386,North America,0.0,0.0,0.0
174,Gibraltar,17706,212,101,0,16579,0,1026,0,525822,2999,534283,15866807,33673,Europe,1.197334236981814,0.0,0.0
175,South Sudan,17420,0,138,0,13514,0,3768,1,1524,12,375617,32863,11429891,Africa,0.0,0.0,0.0
176,Liechtenstein,17049,22,84,0,16724,22,241,3,444853,2192,102174,2665988,38325,Europe,0.12903982638277905,0.0,0.13154747668022004
177,San Marino,16140,64,114,0,15662,47,364,4,473884,3347,149271,4382718,34059,Europe,0.3965303593556382,0.0,0.30008938832843823
178,Equatorial Guinea,15907,0,183,0,15698,0,26,5,10706,123,310972,209287,1485866,Africa,0.0,0.0,0.0
179,Djibouti,15611,13,189,0,15411,7,11,0,15398,186,303924,299771,1013853,Africa,0.08327461405419255,0.0,0.0454221010966193
180,CAR,14649,0,113,0,6859,0,7677,2,2941,23,81294,16321,4980853,Africa,0.0,0.0,0.0
181,Grenada,14332,45,220,1,13872,22,240,4,126317,1939,147982,1304254,113461,North America,0.3139826960647502,0.45454545454545453,0.15859284890426759
182,Bermuda,13143,0,131,0,12719,0,293,0,212450,2118,866313,14003508,61864,North America,0.0,0.0,0.0
183,Solomon Islands,12437,0,139,0,11194,0,1104,2,17341,194,5117,7135,717182,Australia/Oceania,0.0,0.0,0.0
184,Dominica,12011,23,63,0,11926,23,22,0,166109,871,187690,2595702,72308,North America,0.19149113312796603,0.0,0.19285594499413047
185,Gambia,11995,0,365,0,11591,0,39,0,4725,144,155686,61323,2538770,Africa,0.0,0.0,0.0
186,Greenland,11971,0,21,0,2761,0,9189,4,210213,369,164926,2896131,56947,North America,0.0,0.0,0.0
187,Yemen,11818,0,2148,0,9001,0,669,23,381,69,265253,8554,31007639,Asia,0.0,0.0,0.0
188,Monaco,11545,25,54,0,11279,13,212,4,290491,1359,54960,1382885,39743,Europe,0.21654395842356,0.0,0.1152584448975973
189,Saint Martin,10279,0,63,0,1399,0,8817,7,257929,1581,112382,2819984,39852,North America,0.0,0.0,0.0
190,Sint Maarten,9981,48,86,0,9836,15,59,10,228127,1966,62056,1418358,43752,North America,0.4809137360985873,0.0,0.15250101667344448
191,Eritrea,9733,0,103,0,9629,0,1,0,2678,28,23693,6518,3634743,Africa,0.0,0.0,0.0
192,Caribbean Netherlands,9577,3,34,0,9383,4,160,0,359200,1275,30126,1129923,26662,North America,0.031325049597995196,0.0,0.04263028882020675
193,Tonga,9468,121,11,0,7945,205,1512,0,87788,102,393231,3646058,107851,Australia/Oceania,1.2779890156316012,0.0,2.5802391441157964
194,Niger,8908,5,309,1,8498,1,101,1,346,12,248217,9628,25782071,Africa,0.05612932195779075,0.3236245954692557,0.011767474699929396
195,Guinea-Bissau,8185,1,171,0,7476,0,538,6,3989,83,132611,64636,2051668,Africa,0.012217470983506415,0.0,0.0
196,Comoros,8100,0,160,0,7933,0,7,0,8971,177,0,0,902924,Africa,0.0,0.0,0.0
197,Sierra Leone,7681,0,125,0,0,0,0,0,929,15,259958,31438,8268815,Africa,0.0,0.0,
198,Antigua and Barbuda,7567,0,135,0,7387,0,45,1,76136,1358,18901,190174,99388,North America,0.0,0.0,0.0
199,Liberia,7432,0,294,0,5747,0,1391,2,1410,56,139824,26524,5271509,Africa,0.0,0.0,0.0
200,Chad,7396,0,193,0,4874,0,2329,0,428,11,191341,11077,17273521,Africa,0.0,0.0,0.0
201,Samoa,6794,0,13,0,1605,0,5176,4,33837,65,51546,256720,200787,Australia/Oceania,0.0,0.0,0.0
202,St. Vincent Grenadines,6769,4,106,0,6641,0,22,0,60668,950,98805,885556,111574,North America,0.059092923622396216,0.0,0.0
203,Vanuatu,6458,0,7,0,5638,0,813,0,20178,22,24976,78037,320055,Australia/Oceania,0.0,0.0,0.0
204,British Virgin Islands,6162,0,62,0,0,0,0,1,201419,2027,102294,3343706,30593,North America,0.0,0.0,
205,Sao Tome and Principe,5953,0,73,0,5875,0,5,0,26285,322,29036,128205,226481,Africa,0.0,0.0,0.0
206,Turks and Caicos,5941,0,36,0,5862,0,43,4,149798,908,478593,12067398,39660,North America,0.0,0.0,0.0
207,Saint Kitts and Nevis,5561,0,43,0,5517,5,1,0,103219,798,65141,1209091,53876,North America,0.0,0.0,0.09062896501721951
208,Cook Islands,4490,86,0,0,3916,119,574,0,255215,0,15494,880691,17593,Australia/Oceania,1.915367483296214,,3.038815117466803
209,St. Barth,4432,0,6,0,0,0,0,0,446279,604,78646,7919243,9931,North America,0.0,0.0,
210,Palau,4279,0,6,0,3837,0,436,0,234479,329,44460,2436298,18249,Australia/Oceania,0.0,0.0,0.0
211,Kiribati,3076,0,13,0,2597,0,466,3,25060,106,0,0,122747,Australia/Oceania,0.0,0.0,0.0
212,Anguilla,2731,0,9,0,2716,0,6,4,179152,590,51382,3370638,15244,North America,0.0,0.0,0.0
213,Saint Pierre Miquelon,2537,0,1,0,2449,0,87,1,441755,174,22941,3994602,5743,North America,0.0,0.0,0.0
214,Wallis and Futuna,454,0,7,0,438,0,9,0,41709,643,20508,1884061,10885,Australia/Oceania,0.0,0.0,0.0
215,Montserrat,177,0,2,0,174,0,1,0,35421,400,9587,1918551,4997,North America,0.0,0.0,0.0
216,Falkland Islands,128,0,0,0,0,0,0,0,34954,0,8632,2357182,3662,South America,0.0,,
217,Marshall Islands,15,0,0,0,7,0,8,0,250,0,0,0,59909,Australia/Oceania,0.0,,0.0
218,Niue,8,1,0,0,7,0,1,0,4860,0,0,0,1646,Australia/Oceania,12.5,,0.0
219,Total:,507700062,817512,6236176,3348,459968341,1000840,41495545,41814,65133,800,0,0,0,All,0.16102263150797094,0.05368674649336388,0.21758888836221013
